<?xml version="1.0" encoding="UTF-8"?>
<!DOCTYPE mapper PUBLIC "-//mybatis.org//DTD Mapper 3.0//EN" "http://mybatis.org/dtd/mybatis-3-mapper.dtd" >
<mapper namespace="kr.bit.mapper.BoardMapper">

    <select id="getList" resultType="kr.bit.entity.Board">
        select * from bitboard order by board_idx desc
    </select>

    <insert id="insertBoard" parameterType="kr.bit.entity.Board">
        insert into bitboard(board_title, board_content, board_writer)
        values (#{board_title}, #{board_content}, #{board_writer})
    </insert>

    <select id="getBoard" resultType="kr.bit.entity.Board">
        select * from bitboard where board_idx = #{board_idx}
    </select>

    <delete id="deleteBoard" parameterType="int">
        delete from bitboard where board_idx = #{board_idx}
    </delete>

    <update id="updateBoard" parameterType="kr.bit.entity.Board">
        update bitboard
        set board_title = #{board_title}, board_content = #{board_content}, board_writer = #{board_writer}
    </update>
</mapper>